{
    "doughnuts": [
        {
            "doughnut": "Raspberry",
            "description": "Our signature doughnut, filled with our class Raspberry filling, with a matching Raspberry glaze on top!",
            "image_location": "images/raspberry-doughnut.png",
            "featured": "False"
        },
        {
            "doughnut": "Pumpkin Filled",
            "description": "Our signature doughnut, but with a festive twist. Filled with a pumpkin cream puree and generously topped with pumpkin frosting, this delightfully fall treat will be sure to knock your socks off!",
            "image_location": "images/pumpkin-doughnut.png",
            "featured": "True"
        },
        {
            "doughnut": "Glazed Doughnut",
            "description": "Another fall classic, our glazed doughnut makes its annual appearance. Warm and cinnamon are the only words to describe this experience.",
            "image_location": "images/glazed-doughnut.png",
            "featured": "True"
        },
        {
            "doughnut": "Blueberry",
            "description": "Our signature doughnut, filled with our class Blueberry filling, with a matching Blueberry glaze on top!",
            "image_location": "images/blueberry-doughnut.png",
            "featured": "False"
        },
        {
            "doughnut": "Plain",
            "description": "For those who aren't looking for a sugary experience and would prefer something less extraordinary, the original plain doughnut is there for you. While it may seem a bit plain.. This doughnut still packs a punch!",
            "image_location": "images/plain-doughnut.png",
            "featured": "False"
        },
        {
            "doughnut": "Strawberry",
            "description": "Another fruity favorite, the Strawberry doughnut combines the fan favorite Strawberry filling with a sweet Strawberry glaze on top. When in doubt, this is not a bad option to choose!",
            "image_location": "images/strawberry-doughnut.png",
            "featured": "False"
        }
    ]
}